Order_ID,City,Has_Hub,Delivery_Days,Order_Value_INR
1,Bangalore,Yes,1,1159
2,Jaipur,No,5,4071
3,Delhi,Yes,1,765
4,Nashik,No,5,3743
5,Mumbai,Yes,2,3218
6,Delhi,Yes,2,429
7,Mumbai,Yes,2,1068
8,Bangalore,Yes,2,2732
9,Bangalore,Yes,2,1483
10,Chennai,No,6,3684
11,Delhi,Yes,2,3203
12,Delhi,Yes,1,773
13,Bangalore,Yes,1,2857
14,Lucknow,No,4,2346
15,Chennai,No,6,3046
16,Chennai,No,5,2198
17,Mumbai,Yes,1,1566
18,Delhi,Yes,2,1827
19,Jaipur,No,5,3855
20,Chennai,No,5,945
21,Bangalore,Yes,1,3187
22,Hyderabad,Yes,1,2734
23,Hyderabad,Yes,1,2662
24,Mumbai,Yes,2,540
25,Delhi,Yes,2,3123
26,Ahmedabad,No,4,2911
27,Hyderabad,Yes,2,1662
28,Mumbai,Yes,2,1777
29,Delhi,Yes,2,2855
30,Hyderabad,Yes,2,4313
31,Mumbai,Yes,1,3451
32,Delhi,Yes,2,1884
33,Mumbai,Yes,2,3372
34,Chennai,No,4,4142
35,Mumbai,Yes,2,1799
36,Kolkata,No,4,460
37,Chennai,No,4,2280
38,Nashik,No,6,3641
39,Delhi,Yes,2,4097
40,Mumbai,Yes,2,1315
41,Hyderabad,Yes,2,636
42,Mumbai,Yes,1,1375
43,Kolkata,No,4,678
44,Bangalore,Yes,1,2361
45,Mumbai,Yes,1,363
46,Mumbai,Yes,1,2867
47,Mumbai,Yes,2,2326
48,Mumbai,Yes,2,1794
49,Bangalore,Yes,1,690
50,Mumbai,Yes,1,4813
51,Bangalore,Yes,1,4773
52,Delhi,Yes,1,3860
53,Bangalore,Yes,1,3398
54,Delhi,Yes,1,499
55,Delhi,Yes,2,3403
56,Chennai,No,7,3030
57,Chennai,No,5,1869
58,Bangalore,Yes,1,2989
59,Hyderabad,Yes,1,1327
60,Kolkata,No,4,801
61,Hyderabad,Yes,1,4792
62,Mumbai,Yes,1,4787
63,Jaipur,No,4,1783
64,Jaipur,No,5,1162
65,Bangalore,Yes,1,862
66,Chennai,No,7,4490
67,Mumbai,Yes,2,2056
68,Mumbai,Yes,1,1977
69,Ahmedabad,No,5,4935
70,Hyderabad,Yes,2,2021
71,Pune,No,5,3456
72,Delhi,Yes,2,2924
73,Bangalore,Yes,2,1896
74,Delhi,Yes,1,3359
75,Hyderabad,Yes,2,3926
76,Chennai,No,6,2280
77,Mumbai,Yes,1,1962
78,Kolkata,No,4,2337
79,Bangalore,Yes,2,3601
80,Bangalore,Yes,2,1605
81,Hyderabad,Yes,2,2974
82,Bangalore,Yes,1,1581
83,Delhi,Yes,1,1008
84,Delhi,Yes,2,4712
85,Chennai,No,7,962
86,Chennai,No,5,3744
87,Bangalore,Yes,2,1794
88,Mumbai,Yes,1,4062
89,Mumbai,Yes,1,2152
90,Nashik,No,3,4958
91,Mumbai,Yes,2,3880
92,Chennai,No,4,1935
93,Mumbai,Yes,1,3298
94,Bangalore,Yes,1,997
95,Mumbai,Yes,1,4396
96,Bangalore,Yes,2,1153
97,Delhi,Yes,1,3773
98,Pune,No,4,2006
99,Hyderabad,Yes,2,2032
100,Pune,No,6,3809
101,Pune,No,5,3554
102,Delhi,Yes,1,4795
103,Lucknow,No,7,3230
104,Bangalore,Yes,2,496
105,Ahmedabad,No,5,3881
106,Delhi,Yes,2,907
107,Bangalore,Yes,1,1446
108,Lucknow,No,5,3696
109,Bangalore,Yes,2,2093
110,Delhi,Yes,2,3110
111,Delhi,Yes,1,1668
112,Mumbai,Yes,1,445
113,Nashik,No,6,3210
114,Jaipur,No,6,787
115,Bangalore,Yes,1,2258
116,Hyderabad,Yes,2,2684
117,Ahmedabad,No,3,2101
118,Delhi,Yes,2,4360
119,Lucknow,No,4,561
120,Chennai,No,6,922
121,Delhi,Yes,1,3942
122,Mumbai,Yes,1,2348
123,Delhi,Yes,1,4022
124,Kolkata,No,7,3407
125,Hyderabad,Yes,2,4389
126,Mumbai,Yes,1,2355
127,Mumbai,Yes,1,3469
128,Mumbai,Yes,1,2554
129,Mumbai,Yes,1,4798
130,Mumbai,Yes,2,3490
131,Hyderabad,Yes,1,4290
132,Mumbai,Yes,2,4981
133,Hyderabad,Yes,1,1744
134,Ahmedabad,No,6,552
135,Chennai,No,5,3482
136,Mumbai,Yes,2,397
137,Nashik,No,3,3260
138,Bangalore,Yes,2,4732
139,Delhi,Yes,2,3168
140,Kolkata,No,5,4090
141,Bangalore,Yes,1,4366
142,Mumbai,Yes,1,4792
143,Delhi,Yes,1,4286
144,Mumbai,Yes,2,1517
145,Hyderabad,Yes,1,3403
146,Bangalore,Yes,2,4854
147,Pune,No,5,4864
148,Chennai,No,7,861
149,Mumbai,Yes,2,3653
150,Nashik,No,5,524
151,Chennai,No,7,1258
152,Delhi,Yes,1,4847
153,Chennai,No,6,1114
154,Bangalore,Yes,1,4941
155,Ahmedabad,No,3,315
156,Mumbai,Yes,2,1542
157,Bangalore,Yes,2,2823
158,Bangalore,Yes,2,3743
159,Chennai,No,5,1359
160,Hyderabad,Yes,2,3719
161,Mumbai,Yes,1,600
162,Hyderabad,Yes,1,905
163,Chennai,No,5,998
164,Pune,No,3,1438
165,Delhi,Yes,1,2599
166,Bangalore,Yes,1,3274
167,Delhi,Yes,1,1483
168,Nashik,No,5,426
169,Pune,No,4,2115
170,Bangalore,Yes,2,868
171,Mumbai,Yes,1,2194
172,Delhi,Yes,2,4162
173,Pune,No,4,4313
174,Pune,No,4,453
175,Kolkata,No,4,1708
176,Lucknow,No,4,1083
177,Mumbai,Yes,2,4640
178,Jaipur,No,7,3105
179,Mumbai,Yes,2,2140
180,Chennai,No,3,2754
181,Chennai,No,7,3249
182,Chennai,No,3,4430
183,Ahmedabad,No,7,4414
184,Bangalore,Yes,1,4146
185,Chennai,No,6,1465
186,Jaipur,No,6,3073
187,Bangalore,Yes,1,1152
188,Bangalore,Yes,1,4035
189,Delhi,Yes,2,873
190,Mumbai,Yes,2,1447
191,Kolkata,No,4,2014
192,Mumbai,Yes,2,4153
193,Mumbai,Yes,2,2790
194,Bangalore,Yes,1,3423
195,Bangalore,Yes,2,3350
196,Delhi,Yes,2,303
197,Mumbai,Yes,1,1175
198,Mumbai,Yes,2,4441
199,Kolkata,No,5,4663
200,Mumbai,Yes,2,934
201,Hyderabad,Yes,2,1992
202,Mumbai,Yes,1,418
203,Bangalore,Yes,1,3974
204,Delhi,Yes,2,1668
205,Bangalore,Yes,1,415
206,Nashik,No,3,2230
207,Bangalore,Yes,1,1963
208,Hyderabad,Yes,2,811
209,Nashik,No,4,858
210,Pune,No,3,4882
211,Kolkata,No,7,3642
212,Bangalore,Yes,1,4369
213,Hyderabad,Yes,2,1769
214,Nashik,No,7,2593
215,Delhi,Yes,1,3446
216,Pune,No,4,1978
217,Chennai,No,5,3043
218,Jaipur,No,7,4344
219,Delhi,Yes,2,3417
220,Mumbai,Yes,1,2440
221,Delhi,Yes,2,3358
222,Bangalore,Yes,1,3258
223,Delhi,Yes,2,2778
224,Delhi,Yes,1,4945
225,Delhi,Yes,2,2056
226,Mumbai,Yes,1,2369
227,Hyderabad,Yes,2,3148
228,Mumbai,Yes,2,4029
229,Hyderabad,Yes,2,1930
230,Mumbai,Yes,1,1314
231,Delhi,Yes,1,4910
232,Mumbai,Yes,2,3138
233,Jaipur,No,4,4891
234,Mumbai,Yes,2,1194
235,Pune,No,5,1150
236,Kolkata,No,6,4045
237,Lucknow,No,6,1867
238,Bangalore,Yes,1,3037
239,Bangalore,Yes,1,4212
240,Chennai,No,5,4679
241,Hyderabad,Yes,1,4406
242,Chennai,No,4,2845
243,Bangalore,Yes,2,2381
244,Hyderabad,Yes,1,3195
245,Hyderabad,Yes,2,1074
246,Mumbai,Yes,1,1924
247,Mumbai,Yes,2,716
248,Bangalore,Yes,1,915
249,Delhi,Yes,1,3566
250,Mumbai,Yes,2,1815
251,Delhi,Yes,1,711
252,Chennai,No,6,1027
253,Mumbai,Yes,1,3107
254,Pune,No,6,3764
255,Nashik,No,7,2803
256,Delhi,Yes,2,3085
257,Mumbai,Yes,1,1421
258,Mumbai,Yes,2,1870
259,Delhi,Yes,2,2442
260,Kolkata,No,7,4150
261,Hyderabad,Yes,1,4065
262,Nashik,No,7,2625
263,Delhi,Yes,1,3213
264,Pune,No,3,4251
265,Ahmedabad,No,6,1027
266,Pune,No,7,997
267,Bangalore,Yes,1,694
268,Hyderabad,Yes,1,4470
269,Mumbai,Yes,1,2801
270,Mumbai,Yes,2,1016
271,Delhi,Yes,1,3876
272,Bangalore,Yes,1,442
273,Mumbai,Yes,1,3439
274,Chennai,No,5,4790
275,Pune,No,3,3237
276,Mumbai,Yes,1,3935
277,Kolkata,No,3,1361
278,Hyderabad,Yes,1,3281
279,Hyderabad,Yes,2,3593
280,Mumbai,Yes,2,1455
281,Kolkata,No,5,1031
282,Nashik,No,5,1252
283,Nashik,No,6,3623
284,Delhi,Yes,2,1841
285,Bangalore,Yes,2,1490
286,Kolkata,No,4,3292
287,Mumbai,Yes,1,2980
288,Chennai,No,4,1839
289,Mumbai,Yes,1,3535
290,Bangalore,Yes,2,2685
291,Bangalore,Yes,2,1687
292,Nashik,No,3,1664
293,Mumbai,Yes,2,1979
294,Hyderabad,Yes,1,4611
295,Mumbai,Yes,1,1454
296,Pune,No,6,3440
297,Mumbai,Yes,2,3785
298,Hyderabad,Yes,1,3222
299,Pune,No,5,1012
300,Bangalore,Yes,2,3901
301,Delhi,Yes,1,3821
302,Bangalore,Yes,1,1542
303,Kolkata,No,4,754
304,Nashik,No,7,1193
305,Mumbai,Yes,1,2257
306,Mumbai,Yes,1,2295
307,Bangalore,Yes,2,4584
308,Pune,No,3,1513
309,Ahmedabad,No,6,3739
310,Bangalore,Yes,1,1122
311,Jaipur,No,3,432
312,Delhi,Yes,2,3926
313,Mumbai,Yes,1,2151
314,Mumbai,Yes,1,4474
315,Delhi,Yes,2,3583
316,Bangalore,Yes,1,3110
317,Jaipur,No,7,1549
318,Mumbai,Yes,1,3811
319,Mumbai,Yes,2,1555
320,Delhi,Yes,1,3785
321,Delhi,Yes,1,1695
322,Bangalore,Yes,2,3629
323,Mumbai,Yes,2,769
324,Kolkata,No,3,1652
325,Kolkata,No,6,966
326,Kolkata,No,7,1444
327,Pune,No,6,4484
328,Bangalore,Yes,2,3044
329,Hyderabad,Yes,2,838
330,Hyderabad,Yes,2,4435
331,Hyderabad,Yes,2,4074
332,Hyderabad,Yes,1,2807
333,Bangalore,Yes,2,1223
334,Bangalore,Yes,1,1880
335,Ahmedabad,No,5,3623
336,Bangalore,Yes,2,554
337,Kolkata,No,7,2137
338,Hyderabad,Yes,1,308
339,Mumbai,Yes,2,1096
340,Mumbai,Yes,2,1314
341,Mumbai,Yes,1,4768
342,Chennai,No,3,2492
343,Delhi,Yes,2,4457
344,Chennai,No,3,4224
345,Kolkata,No,5,4299
346,Chennai,No,4,2451
347,Mumbai,Yes,1,809
348,Mumbai,Yes,1,703
349,Delhi,Yes,2,4912
350,Mumbai,Yes,2,2299
351,Kolkata,No,7,1967
352,Kolkata,No,5,1759
353,Delhi,Yes,1,3935
354,Mumbai,Yes,1,4477
355,Kolkata,No,3,2347
356,Mumbai,Yes,1,1015
357,Kolkata,No,6,4843
358,Hyderabad,Yes,1,4882
359,Ahmedabad,No,4,3718
360,Mumbai,Yes,1,1873
361,Jaipur,No,4,548
362,Nashik,No,4,4832
363,Hyderabad,Yes,2,1069
364,Nashik,No,5,4662
365,Nashik,No,3,1376
366,Bangalore,Yes,2,687
367,Kolkata,No,5,2147
368,Hyderabad,Yes,1,3113
369,Mumbai,Yes,1,3577
370,Nashik,No,7,4280
371,Delhi,Yes,2,2421
372,Jaipur,No,5,2449
373,Bangalore,Yes,2,1628
374,Mumbai,Yes,2,1657
375,Hyderabad,Yes,1,2781
376,Chennai,No,4,1630
377,Hyderabad,Yes,1,4560
378,Mumbai,Yes,1,1657
379,Hyderabad,Yes,2,4936
380,Pune,No,4,2427
381,Delhi,Yes,1,436
382,Kolkata,No,3,3131
383,Hyderabad,Yes,2,3330
384,Delhi,Yes,1,2892
385,Pune,No,7,4599
386,Bangalore,Yes,2,4117
387,Mumbai,Yes,1,4122
388,Nashik,No,5,2205
389,Mumbai,Yes,1,1059
390,Mumbai,Yes,1,3744
391,Mumbai,Yes,2,1198
392,Delhi,Yes,2,3246
393,Kolkata,No,3,3565
394,Mumbai,Yes,2,3565
395,Hyderabad,Yes,1,4487
396,Mumbai,Yes,2,2268
397,Delhi,Yes,1,3421
398,Pune,No,5,4998
399,Mumbai,Yes,2,4199
400,Kolkata,No,7,822
401,Nashik,No,4,3416
402,Jaipur,No,4,2267
403,Hyderabad,Yes,2,2052
404,Nashik,No,7,2595
405,Mumbai,Yes,1,2560
406,Mumbai,Yes,1,4501
407,Pune,No,7,4731
408,Hyderabad,Yes,2,2354
409,Hyderabad,Yes,1,1575
410,Mumbai,Yes,2,3065
411,Delhi,Yes,1,937
412,Nashik,No,4,4422
413,Bangalore,Yes,1,2424
414,Mumbai,Yes,2,663
415,Mumbai,Yes,2,4920
416,Mumbai,Yes,1,1945
417,Mumbai,Yes,1,3096
418,Mumbai,Yes,1,1830
419,Delhi,Yes,1,3644
420,Delhi,Yes,2,2205
421,Delhi,Yes,1,4879
422,Chennai,No,6,1012
423,Mumbai,Yes,1,2275
424,Kolkata,No,3,424
425,Delhi,Yes,2,4931
426,Delhi,Yes,1,3895
427,Bangalore,Yes,2,1902
428,Chennai,No,4,365
429,Hyderabad,Yes,1,2455
430,Nashik,No,4,2457
431,Bangalore,Yes,2,4505
432,Mumbai,Yes,2,4306
433,Mumbai,Yes,1,2771
434,Ahmedabad,No,7,3038
435,Bangalore,Yes,2,2060
436,Mumbai,Yes,1,2274
437,Kolkata,No,5,1175
438,Hyderabad,Yes,2,4111
439,Pune,No,3,1611
440,Kolkata,No,7,3008
441,Delhi,Yes,1,2032
442,Delhi,Yes,2,2862
443,Delhi,Yes,2,3816
444,Pune,No,3,541
445,Chennai,No,7,2894
446,Pune,No,4,766
447,Bangalore,Yes,2,4469
448,Ahmedabad,No,6,944
449,Hyderabad,Yes,2,3227
450,Ahmedabad,No,5,4588
451,Hyderabad,Yes,1,3061
452,Delhi,Yes,2,1440
453,Mumbai,Yes,2,2109
454,Mumbai,Yes,2,523
455,Chennai,No,6,4507
456,Nashik,No,6,4953
457,Jaipur,No,3,4714
458,Hyderabad,Yes,2,2127
459,Delhi,Yes,2,4533
460,Mumbai,Yes,1,2325
461,Mumbai,Yes,1,4043
462,Bangalore,Yes,2,2338
463,Mumbai,Yes,2,559
464,Hyderabad,Yes,1,1972
465,Mumbai,Yes,2,2359
466,Ahmedabad,No,4,1918
467,Pune,No,3,1641
468,Bangalore,Yes,1,2675
469,Delhi,Yes,1,3123
470,Bangalore,Yes,1,3257
471,Bangalore,Yes,2,2337
472,Hyderabad,Yes,1,3976
473,Chennai,No,3,1903
474,Delhi,Yes,2,4326
475,Chennai,No,6,2268
476,Bangalore,Yes,2,2207
477,Delhi,Yes,2,3829
478,Delhi,Yes,1,2934
479,Bangalore,Yes,1,1869
480,Mumbai,Yes,1,3690
481,Mumbai,Yes,2,3942
482,Nashik,No,7,4149
483,Hyderabad,Yes,1,1551
484,Jaipur,No,6,1613
485,Mumbai,Yes,1,3197
486,Nashik,No,5,376
487,Hyderabad,Yes,2,2920
488,Pune,No,6,899
489,Delhi,Yes,1,1364
490,Kolkata,No,3,2748
491,Mumbai,Yes,2,2162
492,Hyderabad,Yes,1,3896
493,Ahmedabad,No,5,4969
494,Bangalore,Yes,1,1291
495,Pune,No,3,2491
496,Chennai,No,3,3353
497,Nashik,No,4,2296
498,Mumbai,Yes,1,3986
499,Hyderabad,Yes,2,4317
500,Chennai,No,5,496
501,Bangalore,Yes,2,2925
502,Pune,No,5,2334
503,Pune,No,5,718
504,Bangalore,Yes,1,2896
505,Ahmedabad,No,3,1419
506,Mumbai,Yes,1,1249
507,Hyderabad,Yes,1,2542
508,Mumbai,Yes,2,2156
509,Hyderabad,Yes,2,4911
510,Bangalore,Yes,1,2164
511,Pune,No,3,3152
512,Nashik,No,7,3527
513,Chennai,No,7,3527
514,Bangalore,Yes,1,2670
515,Pune,No,6,4055
516,Hyderabad,Yes,2,393
517,Hyderabad,Yes,1,2254
518,Kolkata,No,6,1092
519,Nashik,No,5,2415
520,Bangalore,Yes,2,4405
521,Kolkata,No,4,3218
522,Chennai,No,4,2648
523,Bangalore,Yes,1,2742
524,Bangalore,Yes,2,2487
525,Kolkata,No,4,1283
526,Bangalore,Yes,1,1938
527,Bangalore,Yes,2,3029
528,Hyderabad,Yes,2,4750
529,Mumbai,Yes,2,3234
530,Ahmedabad,No,7,425
531,Chennai,No,4,3355
532,Ahmedabad,No,6,3748
533,Kolkata,No,3,4445
534,Hyderabad,Yes,1,3832
535,Nashik,No,3,4096
536,Delhi,Yes,1,2091
537,Mumbai,Yes,2,3775
538,Delhi,Yes,2,1944
539,Pune,No,6,1504
540,Bangalore,Yes,1,3171
541,Bangalore,Yes,1,2153
542,Mumbai,Yes,2,4961
543,Mumbai,Yes,1,3007
544,Delhi,Yes,1,1631
545,Mumbai,Yes,1,500
546,Bangalore,Yes,2,4511
547,Lucknow,No,4,873
548,Delhi,Yes,2,835
549,Bangalore,Yes,2,2421
550,Mumbai,Yes,2,684
551,Jaipur,No,4,773
552,Mumbai,Yes,2,3899
553,Delhi,Yes,2,1253
554,Mumbai,Yes,2,1504
555,Hyderabad,Yes,2,4419
556,Mumbai,Yes,1,3871
557,Delhi,Yes,2,4679
558,Bangalore,Yes,1,3012
559,Mumbai,Yes,2,3419
560,Chennai,No,3,3731
561,Pune,No,3,4542
562,Nashik,No,6,2023
563,Mumbai,Yes,2,4721
564,Delhi,Yes,1,2058
565,Mumbai,Yes,1,1288
566,Hyderabad,Yes,1,2781
567,Pune,No,5,1250
568,Chennai,No,5,3688
569,Bangalore,Yes,2,3016
570,Delhi,Yes,1,3675
571,Delhi,Yes,1,1799
572,Kolkata,No,5,2364
573,Kolkata,No,3,3356
574,Kolkata,No,4,2460
575,Mumbai,Yes,2,1245
576,Mumbai,Yes,1,3634
577,Ahmedabad,No,7,4449
578,Bangalore,Yes,1,1780
579,Ahmedabad,No,5,2200
580,Bangalore,Yes,2,3750
581,Delhi,Yes,1,353
582,Chennai,No,6,2122
583,Hyderabad,Yes,2,3761
584,Nashik,No,7,3378
585,Bangalore,Yes,1,4707
586,Bangalore,Yes,1,2789
587,Ahmedabad,No,7,626
588,Mumbai,Yes,2,3609
589,Hyderabad,Yes,1,3974
590,Mumbai,Yes,1,2442
591,Chennai,No,5,4282
592,Hyderabad,Yes,2,463
593,Hyderabad,Yes,2,1121
594,Hyderabad,Yes,2,4724
595,Mumbai,Yes,1,2497
596,Mumbai,Yes,1,4541
597,Bangalore,Yes,2,3751
598,Mumbai,Yes,1,1607
599,Delhi,Yes,2,4476
600,Delhi,Yes,2,2219
601,Kolkata,No,7,3893
602,Delhi,Yes,2,1708
603,Delhi,Yes,1,4865
604,Hyderabad,Yes,1,4790
605,Chennai,No,6,1103
606,Pune,No,3,3876
607,Chennai,No,6,4987
608,Bangalore,Yes,2,2978
609,Bangalore,Yes,1,4522
610,Bangalore,Yes,2,3067
611,Chennai,No,4,3485
612,Bangalore,Yes,1,2872
613,Lucknow,No,3,2898
614,Jaipur,No,4,535
615,Ahmedabad,No,3,3729
616,Mumbai,Yes,1,1600
617,Pune,No,5,2840
618,Mumbai,Yes,2,740
619,Mumbai,Yes,1,3479
620,Delhi,Yes,2,4097
621,Mumbai,Yes,1,373
622,Ahmedabad,No,4,2474
623,Nashik,No,7,2388
624,Nashik,No,6,339
625,Kolkata,No,4,4982
626,Delhi,Yes,1,640
627,Pune,No,7,2373
628,Chennai,No,3,944
629,Nashik,No,5,4562
630,Bangalore,Yes,2,753
631,Mumbai,Yes,2,2007
632,Hyderabad,Yes,1,3268
633,Bangalore,Yes,1,2980
634,Bangalore,Yes,2,4524
635,Bangalore,Yes,2,1685
636,Kolkata,No,3,3165
637,Bangalore,Yes,1,3662
638,Hyderabad,Yes,1,4423
639,Kolkata,No,7,4149
640,Hyderabad,Yes,2,2357
641,Mumbai,Yes,2,1435
642,Hyderabad,Yes,1,3153
643,Mumbai,Yes,2,1549
644,Mumbai,Yes,2,4492
645,Jaipur,No,7,2084
646,Hyderabad,Yes,2,1049
647,Lucknow,No,6,2061
648,Mumbai,Yes,2,4219
649,Ahmedabad,No,5,4759
650,Delhi,Yes,1,780
651,Jaipur,No,3,452
652,Mumbai,Yes,2,1823
653,Bangalore,Yes,1,2642
654,Hyderabad,Yes,1,1539
655,Mumbai,Yes,1,1237
656,Mumbai,Yes,2,4419
657,Jaipur,No,5,4525
658,Nashik,No,4,1551
659,Chennai,No,6,470
660,Hyderabad,Yes,1,3848
661,Bangalore,Yes,2,2621
662,Bangalore,Yes,1,3414
663,Chennai,No,5,4389
664,Pune,No,3,3303
665,Chennai,No,3,628
666,Hyderabad,Yes,1,4193
667,Chennai,No,3,4406
668,Chennai,No,5,4361
669,Ahmedabad,No,7,3451
670,Delhi,Yes,1,2720
671,Bangalore,Yes,2,1008
672,Hyderabad,Yes,2,4025
673,Kolkata,No,5,4292
674,Delhi,Yes,1,345
675,Nashik,No,4,699
676,Bangalore,Yes,1,3456
677,Hyderabad,Yes,2,689
678,Pune,No,7,4531
679,Pune,No,5,1820
680,Bangalore,Yes,1,1799
681,Bangalore,Yes,2,3593
682,Chennai,No,6,1233
683,Ahmedabad,No,5,4796
684,Ahmedabad,No,5,3860
685,Bangalore,Yes,1,1481
686,Mumbai,Yes,2,2966
687,Bangalore,Yes,2,429
688,Pune,No,7,3282
689,Kolkata,No,4,4577
690,Chennai,No,6,337
691,Mumbai,Yes,1,4258
692,Bangalore,Yes,1,3886
693,Hyderabad,Yes,1,1219
694,Hyderabad,Yes,1,3068
695,Bangalore,Yes,1,4410
696,Bangalore,Yes,1,1430
697,Hyderabad,Yes,2,3820
698,Hyderabad,Yes,1,1037
699,Jaipur,No,4,844
700,Jaipur,No,5,2103
701,Jaipur,No,7,4109
702,Mumbai,Yes,1,1112
703,Delhi,Yes,2,4423
704,Kolkata,No,3,4871
705,Bangalore,Yes,2,543
706,Hyderabad,Yes,2,570
707,Delhi,Yes,2,2070
708,Nashik,No,3,4660
709,Bangalore,Yes,2,1219
710,Kolkata,No,6,4783
711,Bangalore,Yes,1,4059
712,Delhi,Yes,1,3799
713,Pune,No,4,444
714,Bangalore,Yes,2,4687
715,Bangalore,Yes,1,730
716,Mumbai,Yes,1,2931
717,Delhi,Yes,1,1262
718,Bangalore,Yes,2,2533
719,Mumbai,Yes,2,2127
720,Kolkata,No,7,4367
721,Mumbai,Yes,1,1105
722,Delhi,Yes,2,3714
723,Mumbai,Yes,1,2167
724,Bangalore,Yes,2,1183
725,Chennai,No,5,3863
726,Hyderabad,Yes,2,3700
727,Jaipur,No,5,4620
728,Ahmedabad,No,3,2564
729,Kolkata,No,3,3099
730,Mumbai,Yes,2,4144
731,Bangalore,Yes,1,2095
732,Mumbai,Yes,2,1025
733,Pune,No,3,3469
734,Mumbai,Yes,2,2212
735,Hyderabad,Yes,1,1895
736,Chennai,No,5,2765
737,Ahmedabad,No,4,1148
738,Mumbai,Yes,2,301
739,Kolkata,No,5,4368
740,Kolkata,No,7,1191
741,Lucknow,No,3,2675
742,Bangalore,Yes,2,2232
743,Delhi,Yes,1,3980
744,Mumbai,Yes,1,1939
745,Lucknow,No,5,2981
746,Bangalore,Yes,2,1517
747,Pune,No,3,1654
748,Kolkata,No,4,4915
749,Nashik,No,3,1717
750,Ahmedabad,No,5,1282
751,Hyderabad,Yes,2,1273
752,Pune,No,5,4271
753,Mumbai,Yes,2,1212
754,Bangalore,Yes,2,335
755,Nashik,No,6,2010
756,Bangalore,Yes,1,1094
757,Delhi,Yes,1,4987
758,Hyderabad,Yes,2,3410
759,Chennai,No,7,616
760,Mumbai,Yes,1,2461
761,Delhi,Yes,2,1890
762,Bangalore,Yes,2,4229
763,Mumbai,Yes,1,1611
764,Mumbai,Yes,2,4610
765,Pune,No,5,2682
766,Hyderabad,Yes,2,2438
767,Mumbai,Yes,1,2003
768,Pune,No,7,661
769,Hyderabad,Yes,1,2015
770,Pune,No,4,4750
771,Mumbai,Yes,1,4037
772,Delhi,Yes,2,855
773,Mumbai,Yes,2,3107
774,Kolkata,No,5,4820
775,Nashik,No,4,3018
776,Bangalore,Yes,1,3807
777,Bangalore,Yes,2,1873
778,Hyderabad,Yes,1,2428
779,Delhi,Yes,2,3628
780,Delhi,Yes,2,887
781,Delhi,Yes,1,1846
782,Pune,No,4,3416
783,Chennai,No,5,1435
784,Mumbai,Yes,1,2363
785,Bangalore,Yes,2,4842
786,Delhi,Yes,2,1306
787,Hyderabad,Yes,2,2813
788,Pune,No,4,1546
789,Kolkata,No,4,4201
790,Kolkata,No,6,870
791,Delhi,Yes,1,1544
792,Chennai,No,7,576
793,Mumbai,Yes,2,2186
794,Delhi,Yes,2,1564
795,Kolkata,No,6,1339
796,Nashik,No,6,1216
797,Mumbai,Yes,1,1184
798,Kolkata,No,3,320
799,Nashik,No,4,3490
800,Mumbai,Yes,1,2652
801,Kolkata,No,7,4046
802,Chennai,No,5,2727
803,Mumbai,Yes,2,327
804,Mumbai,Yes,1,3403
805,Bangalore,Yes,2,4298
806,Lucknow,No,5,2805
807,Hyderabad,Yes,2,3908
808,Hyderabad,Yes,2,1752
809,Hyderabad,Yes,2,3655
810,Delhi,Yes,2,337
811,Delhi,Yes,1,1185
812,Bangalore,Yes,1,2503
813,Bangalore,Yes,1,2122
814,Chennai,No,4,3454
815,Mumbai,Yes,2,3829
816,Mumbai,Yes,1,4077
817,Pune,No,3,3752
818,Bangalore,Yes,2,3810
819,Bangalore,Yes,2,1287
820,Bangalore,Yes,1,4325
821,Chennai,No,6,1981
822,Delhi,Yes,1,4964
823,Bangalore,Yes,2,1232
824,Mumbai,Yes,1,3532
825,Delhi,Yes,1,2154
826,Delhi,Yes,1,1091
827,Bangalore,Yes,2,2108
828,Ahmedabad,No,6,2554
829,Pune,No,5,1906
830,Mumbai,Yes,2,1283
831,Ahmedabad,No,3,3975
832,Kolkata,No,7,818
833,Hyderabad,Yes,1,1349
834,Bangalore,Yes,2,3932
835,Ahmedabad,No,6,4743
836,Hyderabad,Yes,2,991
837,Mumbai,Yes,2,4198
838,Mumbai,Yes,2,3245
839,Delhi,Yes,2,825
840,Nashik,No,3,2552
841,Mumbai,Yes,1,3643
842,Ahmedabad,No,6,2174
843,Bangalore,Yes,2,819
844,Mumbai,Yes,2,1315
845,Delhi,Yes,2,415
846,Bangalore,Yes,2,882
847,Chennai,No,5,4087
848,Mumbai,Yes,1,4466
849,Hyderabad,Yes,1,572
850,Mumbai,Yes,2,4732
851,Delhi,Yes,2,3865
852,Delhi,Yes,1,464
853,Bangalore,Yes,2,1027
854,Chennai,No,3,2342
855,Bangalore,Yes,2,3795
856,Bangalore,Yes,2,1077
857,Mumbai,Yes,2,4061
858,Ahmedabad,No,3,2747
859,Delhi,Yes,2,3235
860,Kolkata,No,6,3019
861,Delhi,Yes,2,1234
862,Delhi,Yes,2,4636
863,Chennai,No,6,300
864,Mumbai,Yes,1,3147
865,Delhi,Yes,1,4343
866,Kolkata,No,3,1216
867,Delhi,Yes,1,2540
868,Bangalore,Yes,2,388
869,Mumbai,Yes,2,2468
870,Ahmedabad,No,4,4537
871,Pune,No,4,404
872,Ahmedabad,No,6,2194
873,Chennai,No,5,615
874,Hyderabad,Yes,1,933
875,Delhi,Yes,2,2355
876,Mumbai,Yes,2,3443
877,Hyderabad,Yes,1,2569
878,Bangalore,Yes,2,851
879,Chennai,No,4,1014
880,Pune,No,4,3688
881,Mumbai,Yes,2,4505
882,Mumbai,Yes,1,2729
883,Bangalore,Yes,1,757
884,Mumbai,Yes,2,506
885,Chennai,No,6,3760
886,Pune,No,4,320
887,Hyderabad,Yes,2,1193
888,Kolkata,No,5,4408
889,Hyderabad,Yes,1,2433
890,Mumbai,Yes,2,3255
891,Pune,No,3,1565
892,Kolkata,No,4,3937
893,Delhi,Yes,2,3726
894,Kolkata,No,7,2226
895,Bangalore,Yes,1,4001
896,Hyderabad,Yes,1,2634
897,Pune,No,5,3964
898,Mumbai,Yes,2,960
899,Bangalore,Yes,1,610
900,Mumbai,Yes,1,1381
901,Hyderabad,Yes,1,3270
902,Delhi,Yes,2,1053
903,Delhi,Yes,1,4839
904,Hyderabad,Yes,1,651
905,Pune,No,6,4187
906,Kolkata,No,7,457
907,Mumbai,Yes,2,1255
908,Ahmedabad,No,6,4910
909,Mumbai,Yes,2,1686
910,Mumbai,Yes,2,1254
911,Ahmedabad,No,4,2011
912,Jaipur,No,5,1572
913,Delhi,Yes,1,4110
914,Hyderabad,Yes,2,2681
915,Bangalore,Yes,2,3278
916,Hyderabad,Yes,2,4689
917,Mumbai,Yes,2,1693
918,Chennai,No,4,1568
919,Delhi,Yes,1,4013
920,Mumbai,Yes,1,828
921,Jaipur,No,7,3257
922,Chennai,No,3,3213
923,Delhi,Yes,2,3890
924,Hyderabad,Yes,2,4872
925,Kolkata,No,4,1238
926,Jaipur,No,4,673
927,Hyderabad,Yes,1,4304
928,Pune,No,7,4947
929,Delhi,Yes,2,1824
930,Bangalore,Yes,2,4775
931,Pune,No,3,3454
932,Hyderabad,Yes,2,4113
933,Nashik,No,3,3237
934,Nashik,No,3,2339
935,Nashik,No,6,2412
936,Bangalore,Yes,1,1551
937,Hyderabad,Yes,1,2345
938,Delhi,Yes,1,4854
939,Mumbai,Yes,2,4695
940,Chennai,No,5,3380
941,Bangalore,Yes,1,928
942,Delhi,Yes,2,2938
943,Bangalore,Yes,2,3190
944,Ahmedabad,No,3,1579
945,Delhi,Yes,1,2659
946,Pune,No,6,1606
947,Jaipur,No,3,3477
948,Nashik,No,7,3033
949,Bangalore,Yes,1,2511
950,Delhi,Yes,1,3867
951,Nashik,No,6,2502
952,Pune,No,6,1573
953,Kolkata,No,7,2238
954,Mumbai,Yes,2,2680
955,Pune,No,4,1267
956,Mumbai,Yes,1,1615
957,Delhi,Yes,2,580
958,Chennai,No,7,1357
959,Hyderabad,Yes,2,2831
960,Mumbai,Yes,1,1307
961,Mumbai,Yes,1,1528
962,Nashik,No,6,4884
963,Mumbai,Yes,2,3039
964,Nashik,No,4,1538
965,Nashik,No,5,424
966,Bangalore,Yes,2,4611
967,Hyderabad,Yes,2,4167
968,Mumbai,Yes,1,3548
969,Delhi,Yes,1,4222
970,Delhi,Yes,1,4702
971,Pune,No,4,3092
972,Hyderabad,Yes,2,4769
973,Hyderabad,Yes,2,2332
974,Delhi,Yes,1,427
975,Kolkata,No,7,4911
976,Chennai,No,4,2773
977,Nashik,No,4,3784
978,Ahmedabad,No,4,4348
979,Bangalore,Yes,1,4018
980,Mumbai,Yes,1,4251
981,Delhi,Yes,2,1285
982,Chennai,No,3,3371
983,Bangalore,Yes,1,3423
984,Hyderabad,Yes,2,2707
985,Pune,No,4,3590
986,Bangalore,Yes,2,1002
987,Chennai,No,3,3531
988,Hyderabad,Yes,1,2931
989,Bangalore,Yes,1,3529
990,Kolkata,No,3,1646
991,Chennai,No,4,3472
992,Mumbai,Yes,2,1966
993,Chennai,No,5,3852
994,Chennai,No,4,1299
995,Hyderabad,Yes,1,1149
996,Delhi,Yes,1,4011
997,Mumbai,Yes,2,1120
998,Mumbai,Yes,1,1923
999,Delhi,Yes,1,4025
1000,Bangalore,Yes,1,3446
1001,Nashik,No,4,2489
1002,Mumbai,Yes,1,4285
1003,Mumbai,Yes,2,1739
1004,Kolkata,No,3,1034
1005,Nashik,No,3,3637
1006,Kolkata,No,5,3314
1007,Mumbai,Yes,2,3188
1008,Mumbai,Yes,2,3288
1009,Bangalore,Yes,1,1325
1010,Delhi,Yes,1,4164
1011,Ahmedabad,No,4,2800
1012,Hyderabad,Yes,2,1476
1013,Nashik,No,3,310
1014,Mumbai,Yes,1,4698
1015,Nashik,No,7,3321
1016,Mumbai,Yes,2,3129
1017,Kolkata,No,5,1242
1018,Hyderabad,Yes,1,2844
1019,Kolkata,No,6,1303
1020,Hyderabad,Yes,1,705
1021,Pune,No,5,1313
1022,Ahmedabad,No,7,1013
1023,Hyderabad,Yes,1,4153
1024,Hyderabad,Yes,2,439
1025,Delhi,Yes,2,1262
1026,Bangalore,Yes,2,671
1027,Delhi,Yes,2,2840
1028,Bangalore,Yes,1,1991
1029,Nashik,No,6,404
1030,Delhi,Yes,2,1980
1031,Chennai,No,4,4315
1032,Pune,No,7,2436
1033,Delhi,Yes,1,4744
1034,Mumbai,Yes,1,1585
1035,Bangalore,Yes,1,3478
1036,Kolkata,No,4,3953
1037,Mumbai,Yes,1,2658
1038,Nashik,No,3,743
1039,Mumbai,Yes,2,334
1040,Bangalore,Yes,2,1774
1041,Hyderabad,Yes,2,2097
1042,Mumbai,Yes,2,1707
1043,Delhi,Yes,2,2007
1044,Chennai,No,4,3237
1045,Lucknow,No,7,1599
1046,Bangalore,Yes,2,1542
1047,Delhi,Yes,1,3396
1048,Mumbai,Yes,1,308
1049,Bangalore,Yes,2,2724
1050,Delhi,Yes,1,1959
1051,Bangalore,Yes,2,2930
1052,Bangalore,Yes,2,1371
1053,Mumbai,Yes,2,1615
1054,Bangalore,Yes,2,4444
1055,Delhi,Yes,2,3982
1056,Chennai,No,6,3572
1057,Hyderabad,Yes,1,444
1058,Bangalore,Yes,1,3339
1059,Hyderabad,Yes,1,4975
1060,Mumbai,Yes,1,1883
1061,Mumbai,Yes,1,3478
1062,Mumbai,Yes,2,929
1063,Kolkata,No,7,960
1064,Pune,No,7,2765
1065,Kolkata,No,6,1845
1066,Mumbai,Yes,2,1267
1067,Mumbai,Yes,2,1399
1068,Mumbai,Yes,1,739
1069,Kolkata,No,3,1068
1070,Hyderabad,Yes,2,4657
1071,Kolkata,No,7,4028
1072,Pune,No,5,1876
1073,Pune,No,7,4307
1074,Delhi,Yes,1,3650
1075,Bangalore,Yes,2,2648
1076,Delhi,Yes,1,1540
1077,Bangalore,Yes,2,2900
1078,Kolkata,No,7,4430
1079,Bangalore,Yes,2,4747
1080,Mumbai,Yes,2,371
1081,Delhi,Yes,2,2213
1082,Delhi,Yes,2,2771
1083,Hyderabad,Yes,1,1006
1084,Delhi,Yes,1,4012
1085,Chennai,No,6,2863
1086,Pune,No,6,3909
1087,Pune,No,7,3122
1088,Hyderabad,Yes,2,2034
1089,Delhi,Yes,2,365
1090,Bangalore,Yes,2,2727
1091,Lucknow,No,4,640
1092,Chennai,No,4,3073
1093,Hyderabad,Yes,2,3116
1094,Hyderabad,Yes,2,1531
1095,Lucknow,No,5,2700
1096,Pune,No,6,960
1097,Delhi,Yes,2,3918
1098,Mumbai,Yes,1,2167
1099,Bangalore,Yes,1,2633
1100,Kolkata,No,3,4705
1101,Mumbai,Yes,2,2964
1102,Mumbai,Yes,2,931
1103,Chennai,No,6,2230
1104,Ahmedabad,No,6,2861
1105,Mumbai,Yes,2,535
1106,Mumbai,Yes,1,4742
1107,Delhi,Yes,1,1839
1108,Hyderabad,Yes,2,4242
1109,Delhi,Yes,2,662
1110,Kolkata,No,3,584
1111,Bangalore,Yes,1,4336
1112,Mumbai,Yes,2,4850
1113,Chennai,No,3,1311
1114,Bangalore,Yes,2,2806
1115,Pune,No,6,3084
1116,Delhi,Yes,1,4024
1117,Delhi,Yes,2,4875
1118,Delhi,Yes,1,1900
1119,Delhi,Yes,1,639
1120,Hyderabad,Yes,2,2795
1121,Bangalore,Yes,1,2024
1122,Pune,No,4,3566
1123,Mumbai,Yes,2,4705
1124,Mumbai,Yes,2,1741
1125,Mumbai,Yes,2,2489
1126,Mumbai,Yes,2,542
1127,Delhi,Yes,2,4406
1128,Bangalore,Yes,1,859
1129,Bangalore,Yes,2,3024
1130,Mumbai,Yes,2,2125
1131,Bangalore,Yes,2,3586
1132,Mumbai,Yes,2,432
1133,Ahmedabad,No,5,4218
1134,Kolkata,No,6,371
1135,Nashik,No,7,4524
1136,Bangalore,Yes,1,4660
1137,Kolkata,No,3,2284
1138,Jaipur,No,3,4558
1139,Hyderabad,Yes,1,1432
1140,Chennai,No,7,3245
1141,Bangalore,Yes,1,2259
1142,Bangalore,Yes,2,1347
1143,Pune,No,7,2828
1144,Mumbai,Yes,2,3263
1145,Kolkata,No,4,1262
1146,Delhi,Yes,1,4522
1147,Mumbai,Yes,2,4486
1148,Pune,No,7,841
1149,Hyderabad,Yes,2,3902
1150,Mumbai,Yes,2,3335
1151,Delhi,Yes,2,2793
1152,Chennai,No,7,4437
1153,Chennai,No,4,3009
1154,Delhi,Yes,1,2252
1155,Pune,No,4,4149
1156,Chennai,No,4,2249
1157,Nashik,No,3,2429
1158,Chennai,No,3,4543
1159,Pune,No,3,1478
1160,Mumbai,Yes,2,3864
1161,Hyderabad,Yes,1,698
1162,Delhi,Yes,2,907
1163,Nashik,No,6,1937
1164,Nashik,No,3,2447
1165,Mumbai,Yes,1,1702
1166,Mumbai,Yes,2,3591
1167,Mumbai,Yes,2,718
1168,Hyderabad,Yes,2,4816
1169,Kolkata,No,4,1807
1170,Hyderabad,Yes,2,1066
1171,Nashik,No,7,2438
1172,Ahmedabad,No,7,2944
1173,Chennai,No,7,4904
1174,Pune,No,4,2592
1175,Nashik,No,7,1199
1176,Jaipur,No,3,3383
1177,Mumbai,Yes,1,2308
1178,Hyderabad,Yes,2,2684
1179,Bangalore,Yes,1,4567
1180,Mumbai,Yes,2,462
1181,Delhi,Yes,1,3341
1182,Hyderabad,Yes,1,2741
1183,Mumbai,Yes,1,2654
1184,Bangalore,Yes,2,4577
1185,Kolkata,No,7,2856
1186,Nashik,No,6,844
1187,Bangalore,Yes,2,4134
1188,Delhi,Yes,2,4103
1189,Chennai,No,6,3792
1190,Bangalore,Yes,2,2743
1191,Ahmedabad,No,3,4499
1192,Pune,No,3,3490
1193,Kolkata,No,3,723
1194,Delhi,Yes,1,870
1195,Delhi,Yes,2,1419
1196,Jaipur,No,4,540
1197,Mumbai,Yes,2,4394
1198,Mumbai,Yes,2,2578
1199,Mumbai,Yes,1,1013
1200,Kolkata,No,4,1074
1201,Nashik,No,5,2546
1202,Delhi,Yes,1,377
1203,Delhi,Yes,1,4225
1204,Mumbai,Yes,2,2447
1205,Pune,No,7,3570
1206,Ahmedabad,No,3,4481
1207,Delhi,Yes,1,3755
1208,Kolkata,No,7,3805
1209,Delhi,Yes,2,3010
1210,Mumbai,Yes,1,1967
1211,Mumbai,Yes,2,4626
1212,Nashik,No,4,2249
1213,Chennai,No,6,1973
1214,Chennai,No,6,4793
1215,Delhi,Yes,1,2845
1216,Delhi,Yes,2,861
1217,Ahmedabad,No,5,2788
1218,Bangalore,Yes,1,1071
1219,Hyderabad,Yes,2,2336
1220,Kolkata,No,4,1872
1221,Jaipur,No,6,1545
1222,Bangalore,Yes,2,4138
1223,Ahmedabad,No,3,2675
1224,Ahmedabad,No,4,3292
1225,Mumbai,Yes,1,3931
1226,Bangalore,Yes,2,1912
1227,Hyderabad,Yes,1,2515
1228,Chennai,No,3,676
1229,Kolkata,No,4,2495
1230,Delhi,Yes,2,950
1231,Mumbai,Yes,1,1068
1232,Mumbai,Yes,2,1079
1233,Chennai,No,7,4282
1234,Delhi,Yes,2,3658
1235,Kolkata,No,6,821
1236,Delhi,Yes,2,2619
1237,Ahmedabad,No,4,2529
1238,Mumbai,Yes,1,4882
1239,Nashik,No,5,3996
1240,Mumbai,Yes,2,4382
1241,Pune,No,6,3542
1242,Hyderabad,Yes,2,984
1243,Mumbai,Yes,1,4287
1244,Nashik,No,5,1866
1245,Chennai,No,3,1555
1246,Bangalore,Yes,1,2495
1247,Mumbai,Yes,1,3007
1248,Mumbai,Yes,2,600
1249,Mumbai,Yes,2,945
1250,Kolkata,No,6,2058
1251,Chennai,No,5,4650
1252,Bangalore,Yes,2,960
1253,Pune,No,5,1667
1254,Chennai,No,6,4167
1255,Pune,No,7,3836
1256,Bangalore,Yes,2,4607
1257,Delhi,Yes,1,581
1258,Lucknow,No,4,3977
1259,Delhi,Yes,1,4381
1260,Delhi,Yes,1,4482
1261,Kolkata,No,6,759
1262,Mumbai,Yes,2,4053
1263,Pune,No,7,2023
1264,Kolkata,No,3,3042
1265,Delhi,Yes,1,1001
1266,Delhi,Yes,2,2365
1267,Nashik,No,7,1603
1268,Kolkata,No,7,660
1269,Ahmedabad,No,4,4026
1270,Mumbai,Yes,2,1583
1271,Ahmedabad,No,5,747
1272,Delhi,Yes,2,2154
1273,Mumbai,Yes,2,3861
1274,Bangalore,Yes,1,3380
1275,Mumbai,Yes,1,4266
1276,Ahmedabad,No,5,1221
1277,Delhi,Yes,2,2458
1278,Chennai,No,7,2846
1279,Delhi,Yes,2,2580
1280,Chennai,No,4,612
1281,Mumbai,Yes,2,3382
1282,Delhi,Yes,1,1336
1283,Lucknow,No,3,3788
1284,Hyderabad,Yes,1,2933
1285,Mumbai,Yes,2,2077
1286,Chennai,No,5,1423
1287,Mumbai,Yes,2,2478
1288,Hyderabad,Yes,1,1703
1289,Hyderabad,Yes,2,1342
1290,Hyderabad,Yes,2,1312
1291,Delhi,Yes,1,2127
1292,Chennai,No,7,2322
1293,Delhi,Yes,1,2751
1294,Mumbai,Yes,2,2384
1295,Mumbai,Yes,2,4582
1296,Bangalore,Yes,1,2619
1297,Delhi,Yes,1,2929
1298,Bangalore,Yes,2,3591
1299,Hyderabad,Yes,2,3885
1300,Mumbai,Yes,2,4730
1301,Pune,No,4,3246
1302,Lucknow,No,4,892
1303,Nashik,No,5,3558
1304,Kolkata,No,6,3261
1305,Pune,No,3,3689
1306,Delhi,Yes,2,4800
1307,Bangalore,Yes,2,1431
1308,Bangalore,Yes,2,840
1309,Mumbai,Yes,2,3273
1310,Chennai,No,6,2365
1311,Hyderabad,Yes,2,4577
1312,Mumbai,Yes,1,1505
1313,Jaipur,No,3,1468
1314,Mumbai,Yes,1,1950
1315,Ahmedabad,No,3,3109
1316,Mumbai,Yes,2,3109
1317,Pune,No,5,1318
1318,Chennai,No,7,4555
1319,Delhi,Yes,1,4592
1320,Nashik,No,6,958
1321,Chennai,No,5,697
1322,Mumbai,Yes,2,2424
1323,Ahmedabad,No,6,373
1324,Mumbai,Yes,1,4996
1325,Delhi,Yes,2,1135
1326,Lucknow,No,3,798
1327,Hyderabad,Yes,1,436
1328,Delhi,Yes,2,3995
1329,Pune,No,7,3056
1330,Pune,No,3,2199
1331,Delhi,Yes,1,4285
1332,Delhi,Yes,2,845
1333,Jaipur,No,4,4975
1334,Delhi,Yes,1,2302
1335,Kolkata,No,3,1002
1336,Bangalore,Yes,1,2702
1337,Bangalore,Yes,2,1924
1338,Bangalore,Yes,2,3277
1339,Chennai,No,3,3138
1340,Delhi,Yes,1,2958
1341,Delhi,Yes,2,3155
1342,Delhi,Yes,2,984
1343,Bangalore,Yes,2,4582
1344,Jaipur,No,3,1918
1345,Ahmedabad,No,3,4942
1346,Mumbai,Yes,1,1730
1347,Delhi,Yes,2,2760
1348,Kolkata,No,6,461
1349,Mumbai,Yes,1,3590
1350,Hyderabad,Yes,2,930
1351,Hyderabad,Yes,2,3770
1352,Bangalore,Yes,2,2313
1353,Ahmedabad,No,4,503
1354,Mumbai,Yes,2,1139
1355,Mumbai,Yes,1,2018
1356,Delhi,Yes,1,2942
1357,Chennai,No,4,2596
1358,Mumbai,Yes,1,988
1359,Bangalore,Yes,1,3440
1360,Delhi,Yes,1,1721
1361,Bangalore,Yes,2,970
1362,Mumbai,Yes,2,1470
1363,Mumbai,Yes,2,4025
1364,Chennai,No,7,1748
1365,Bangalore,Yes,2,2838
1366,Hyderabad,Yes,2,4559
1367,Bangalore,Yes,2,3951
1368,Delhi,Yes,1,3969
1369,Mumbai,Yes,2,2651
1370,Pune,No,5,669
1371,Chennai,No,3,4778
1372,Nashik,No,6,723
1373,Delhi,Yes,1,1193
1374,Chennai,No,4,896
1375,Delhi,Yes,1,2635
1376,Mumbai,Yes,1,1986
1377,Mumbai,Yes,1,871
1378,Bangalore,Yes,2,2389
1379,Nashik,No,3,3968
1380,Ahmedabad,No,3,4923
1381,Mumbai,Yes,2,1816
1382,Hyderabad,Yes,2,2956
1383,Delhi,Yes,1,3887
1384,Bangalore,Yes,2,3436
1385,Nashik,No,4,396
1386,Hyderabad,Yes,2,4829
1387,Chennai,No,7,4049
1388,Delhi,Yes,2,4982
1389,Delhi,Yes,2,4965
1390,Mumbai,Yes,2,909
1391,Hyderabad,Yes,2,2589
1392,Nashik,No,3,2378
1393,Mumbai,Yes,1,2623
1394,Delhi,Yes,2,1476
1395,Mumbai,Yes,1,1390
1396,Kolkata,No,6,3090
1397,Kolkata,No,7,2048
1398,Mumbai,Yes,2,1080
1399,Chennai,No,5,3347
1400,Kolkata,No,4,4166
1401,Nashik,No,4,4841
1402,Bangalore,Yes,2,4269
1403,Bangalore,Yes,2,1366
1404,Delhi,Yes,1,1876
1405,Mumbai,Yes,2,2573
1406,Ahmedabad,No,6,2113
1407,Kolkata,No,3,2725
1408,Bangalore,Yes,2,4701
1409,Chennai,No,5,2850
1410,Nashik,No,6,3956
1411,Hyderabad,Yes,2,2854
1412,Mumbai,Yes,2,2510
1413,Kolkata,No,7,4953
1414,Jaipur,No,4,4862
1415,Delhi,Yes,2,3638
1416,Mumbai,Yes,2,3121
1417,Delhi,Yes,2,3223
1418,Hyderabad,Yes,1,581
1419,Hyderabad,Yes,2,2197
1420,Chennai,No,3,2566
1421,Kolkata,No,3,911
1422,Hyderabad,Yes,2,986
1423,Lucknow,No,5,911
1424,Hyderabad,Yes,2,3312
1425,Mumbai,Yes,2,2080
1426,Delhi,Yes,1,2890
1427,Delhi,Yes,1,4257
1428,Delhi,Yes,2,873
1429,Jaipur,No,7,2209
1430,Pune,No,7,3903
1431,Chennai,No,7,1582
1432,Delhi,Yes,2,1424
1433,Chennai,No,4,1893
1434,Jaipur,No,5,1859
1435,Kolkata,No,5,2699
1436,Hyderabad,Yes,2,4163
1437,Delhi,Yes,2,3368
1438,Pune,No,7,525
1439,Bangalore,Yes,1,3846
1440,Lucknow,No,7,563
1441,Mumbai,Yes,2,3856
1442,Mumbai,Yes,2,944
1443,Delhi,Yes,1,3289
1444,Hyderabad,Yes,2,2198
1445,Delhi,Yes,1,3071
1446,Delhi,Yes,2,1453
1447,Bangalore,Yes,2,4870
1448,Delhi,Yes,2,1284
1449,Mumbai,Yes,2,3647
1450,Ahmedabad,No,6,4130
1451,Chennai,No,4,488
1452,Hyderabad,Yes,1,1279
1453,Kolkata,No,5,2014
1454,Kolkata,No,4,4435
1455,Mumbai,Yes,1,4732
1456,Hyderabad,Yes,2,1397
1457,Hyderabad,Yes,1,2625
1458,Delhi,Yes,2,1194
1459,Kolkata,No,3,1973
1460,Kolkata,No,5,1229
1461,Ahmedabad,No,3,1022
1462,Hyderabad,Yes,1,1388
1463,Ahmedabad,No,5,1234
1464,Ahmedabad,No,6,1369
1465,Hyderabad,Yes,1,2800
1466,Bangalore,Yes,1,4518
1467,Mumbai,Yes,1,4129
1468,Kolkata,No,5,740
1469,Bangalore,Yes,1,4927
1470,Bangalore,Yes,1,1635
1471,Chennai,No,7,1247
1472,Chennai,No,6,758
1473,Bangalore,Yes,1,4945
1474,Chennai,No,3,4237
1475,Delhi,Yes,2,2556
1476,Lucknow,No,5,4107
1477,Bangalore,Yes,2,2753
1478,Bangalore,Yes,1,3973
1479,Kolkata,No,4,2896
1480,Hyderabad,Yes,2,2958
1481,Bangalore,Yes,1,1138
1482,Hyderabad,Yes,2,3917
1483,Chennai,No,5,4216
1484,Pune,No,5,894
1485,Delhi,Yes,1,579
1486,Hyderabad,Yes,2,4664
1487,Mumbai,Yes,2,2049
1488,Mumbai,Yes,2,2266
1489,Bangalore,Yes,1,4477
1490,Ahmedabad,No,5,3245
1491,Delhi,Yes,2,2630
1492,Mumbai,Yes,2,2519
1493,Pune,No,3,3109
1494,Kolkata,No,6,1830
1495,Bangalore,Yes,1,3289
1496,Mumbai,Yes,2,4792
1497,Bangalore,Yes,2,1232
1498,Chennai,No,7,3022
1499,Chennai,No,3,584
1500,Bangalore,Yes,1,2666
1501,Mumbai,Yes,1,3746
1502,Mumbai,Yes,2,2061
1503,Delhi,Yes,1,2680
1504,Kolkata,No,3,366
1505,Jaipur,No,6,4307
1506,Hyderabad,Yes,2,3497
1507,Mumbai,Yes,1,2823
1508,Hyderabad,Yes,2,2778
1509,Kolkata,No,6,1077
1510,Delhi,Yes,2,4888
1511,Kolkata,No,4,1791
1512,Delhi,Yes,1,959
1513,Delhi,Yes,1,1598
1514,Delhi,Yes,1,2285
1515,Mumbai,Yes,2,2343
1516,Jaipur,No,3,3815
1517,Jaipur,No,3,1357
1518,Chennai,No,3,4876
1519,Delhi,Yes,2,2826
1520,Nashik,No,3,641
1521,Ahmedabad,No,6,3958
1522,Lucknow,No,3,2372
1523,Hyderabad,Yes,2,704
1524,Hyderabad,Yes,2,1872
1525,Hyderabad,Yes,2,4899
1526,Chennai,No,7,4573
1527,Kolkata,No,6,2145
1528,Bangalore,Yes,1,2694
1529,Nashik,No,6,1070
1530,Lucknow,No,6,877
1531,Delhi,Yes,2,492
1532,Delhi,Yes,2,1484
1533,Chennai,No,5,3297
1534,Pune,No,3,2091
1535,Delhi,Yes,2,1409
1536,Hyderabad,Yes,2,2560
1537,Bangalore,Yes,1,4092
1538,Hyderabad,Yes,1,4656
1539,Kolkata,No,4,4677
1540,Ahmedabad,No,5,3750
1541,Mumbai,Yes,2,4835
1542,Delhi,Yes,1,1943
1543,Mumbai,Yes,1,440
1544,Bangalore,Yes,1,1754
1545,Delhi,Yes,1,2395
1546,Hyderabad,Yes,2,1512
1547,Bangalore,Yes,2,4949
1548,Mumbai,Yes,2,4996
1549,Kolkata,No,7,4127
1550,Bangalore,Yes,1,1002
1551,Mumbai,Yes,2,2728
1552,Hyderabad,Yes,1,2099
1553,Mumbai,Yes,2,4947
1554,Pune,No,3,1154
1555,Chennai,No,7,3165
1556,Nashik,No,5,481
1557,Mumbai,Yes,1,4791
1558,Kolkata,No,5,1816
1559,Kolkata,No,5,1655
1560,Hyderabad,Yes,1,3928
1561,Mumbai,Yes,1,4395
1562,Mumbai,Yes,2,3990
1563,Bangalore,Yes,1,3702
1564,Mumbai,Yes,2,4850
1565,Pune,No,7,1431
1566,Mumbai,Yes,2,3610
1567,Mumbai,Yes,1,3671
1568,Mumbai,Yes,2,1286
1569,Bangalore,Yes,2,4914
1570,Kolkata,No,3,472
1571,Delhi,Yes,1,4040
1572,Jaipur,No,7,1025
1573,Chennai,No,3,2174
1574,Ahmedabad,No,4,4332
1575,Kolkata,No,6,1288
1576,Delhi,Yes,1,2985
1577,Nashik,No,6,892
1578,Bangalore,Yes,1,2073
1579,Lucknow,No,6,1234
1580,Bangalore,Yes,2,4107
1581,Delhi,Yes,2,3748
1582,Jaipur,No,5,3001
1583,Delhi,Yes,1,4305
1584,Hyderabad,Yes,2,4167
1585,Mumbai,Yes,1,500
1586,Bangalore,Yes,2,2141
1587,Bangalore,Yes,1,2295
1588,Pune,No,4,1208
1589,Hyderabad,Yes,2,4957
1590,Mumbai,Yes,2,1069
1591,Chennai,No,6,2800
1592,Nashik,No,5,3884
1593,Bangalore,Yes,1,685
1594,Kolkata,No,4,4307
1595,Nashik,No,6,2765
1596,Pune,No,5,2155
1597,Nashik,No,7,2297
1598,Nashik,No,4,1535
1599,Bangalore,Yes,2,4443
1600,Jaipur,No,3,1730
1601,Delhi,Yes,1,2118
1602,Kolkata,No,7,1429
1603,Ahmedabad,No,4,2957
1604,Bangalore,Yes,1,673
1605,Kolkata,No,3,4319
1606,Hyderabad,Yes,2,4004
1607,Nashik,No,6,3734
1608,Bangalore,Yes,2,2122
1609,Jaipur,No,5,2541
1610,Mumbai,Yes,2,3542
1611,Hyderabad,Yes,1,3433
1612,Delhi,Yes,1,658
1613,Chennai,No,5,2340
1614,Kolkata,No,5,1440
1615,Mumbai,Yes,2,4299
1616,Bangalore,Yes,2,3660
1617,Ahmedabad,No,6,3279
1618,Nashik,No,6,1890
1619,Mumbai,Yes,1,3563
1620,Mumbai,Yes,1,3518
1621,Nashik,No,5,3572
1622,Kolkata,No,6,1212
1623,Bangalore,Yes,2,1741
1624,Hyderabad,Yes,1,3353
1625,Ahmedabad,No,5,4520
1626,Mumbai,Yes,1,3227
1627,Pune,No,7,1228
1628,Chennai,No,6,1762
1629,Bangalore,Yes,2,1353
1630,Delhi,Yes,2,2199
1631,Delhi,Yes,2,1698
1632,Delhi,Yes,2,741
1633,Bangalore,Yes,1,4951
1634,Kolkata,No,6,1477
1635,Lucknow,No,5,1556
1636,Nashik,No,5,2140
1637,Mumbai,Yes,2,1209
1638,Kolkata,No,7,4936
1639,Bangalore,Yes,2,2468
1640,Kolkata,No,7,422
1641,Bangalore,Yes,1,3457
1642,Pune,No,6,1084
1643,Ahmedabad,No,6,2715
1644,Mumbai,Yes,1,4471
1645,Pune,No,5,2235
1646,Mumbai,Yes,1,4106
1647,Ahmedabad,No,6,3439
1648,Ahmedabad,No,7,2651
1649,Kolkata,No,7,3020
1650,Hyderabad,Yes,1,2689
1651,Mumbai,Yes,1,1676
1652,Hyderabad,Yes,2,3479
1653,Bangalore,Yes,1,639
1654,Chennai,No,6,1855
1655,Bangalore,Yes,2,437
1656,Chennai,No,6,1821
1657,Chennai,No,3,1926
1658,Hyderabad,Yes,1,1602
1659,Bangalore,Yes,1,1433
1660,Bangalore,Yes,2,2485
1661,Mumbai,Yes,2,3469
1662,Chennai,No,6,2450
1663,Delhi,Yes,2,4034
1664,Mumbai,Yes,2,3133
1665,Pune,No,7,1297
1666,Delhi,Yes,1,2866
1667,Chennai,No,6,955
1668,Hyderabad,Yes,1,2510
1669,Hyderabad,Yes,2,4029
1670,Chennai,No,5,1439
1671,Delhi,Yes,2,565
1672,Hyderabad,Yes,2,2007
1673,Kolkata,No,6,2592
1674,Hyderabad,Yes,1,4128
1675,Mumbai,Yes,1,1809
1676,Bangalore,Yes,2,1275
1677,Delhi,Yes,2,2259
1678,Bangalore,Yes,2,1181
1679,Delhi,Yes,1,2966
1680,Delhi,Yes,2,4976
1681,Hyderabad,Yes,1,1909
1682,Chennai,No,3,2753
1683,Nashik,No,5,3107
1684,Delhi,Yes,1,4124
1685,Jaipur,No,3,4101
1686,Pune,No,4,4998
1687,Hyderabad,Yes,1,4121
1688,Delhi,Yes,2,1201
1689,Bangalore,Yes,1,4557
1690,Kolkata,No,3,2162
1691,Delhi,Yes,2,2683
1692,Kolkata,No,3,4234
1693,Kolkata,No,5,2789
1694,Jaipur,No,7,1241
1695,Mumbai,Yes,2,2023
1696,Mumbai,Yes,1,3066
1697,Hyderabad,Yes,2,2826
1698,Hyderabad,Yes,2,3719
1699,Delhi,Yes,2,4205
1700,Pune,No,4,2666
1701,Hyderabad,Yes,2,575
1702,Mumbai,Yes,2,1526
1703,Bangalore,Yes,2,4051
1704,Chennai,No,5,994
1705,Hyderabad,Yes,2,4451
1706,Ahmedabad,No,5,4413
1707,Hyderabad,Yes,2,2610
1708,Nashik,No,4,4507
1709,Hyderabad,Yes,2,3697
1710,Mumbai,Yes,2,2993
1711,Delhi,Yes,1,1387
1712,Bangalore,Yes,2,323
1713,Hyderabad,Yes,1,3257
1714,Mumbai,Yes,1,4535
1715,Bangalore,Yes,2,2534
1716,Kolkata,No,3,3497
1717,Pune,No,3,4046
1718,Delhi,Yes,1,2540
1719,Chennai,No,3,712
1720,Lucknow,No,5,3725
1721,Pune,No,5,1208
1722,Bangalore,Yes,2,4343
1723,Kolkata,No,7,2314
1724,Delhi,Yes,2,2391
1725,Mumbai,Yes,1,2429
1726,Hyderabad,Yes,1,656
1727,Hyderabad,Yes,2,2721
1728,Hyderabad,Yes,2,4844
1729,Bangalore,Yes,2,2457
1730,Bangalore,Yes,1,2854
1731,Hyderabad,Yes,2,2641
1732,Mumbai,Yes,1,3250
1733,Delhi,Yes,1,1272
1734,Bangalore,Yes,2,4264
1735,Nashik,No,5,4000
1736,Pune,No,7,1887
1737,Bangalore,Yes,1,2667
1738,Bangalore,Yes,1,735
1739,Delhi,Yes,1,1855
1740,Delhi,Yes,1,4157
1741,Kolkata,No,3,1603
1742,Ahmedabad,No,3,481
1743,Chennai,No,4,1888
1744,Delhi,Yes,2,958
1745,Mumbai,Yes,2,4252
1746,Nashik,No,4,1310
1747,Chennai,No,7,2606
1748,Nashik,No,7,1334
1749,Pune,No,4,4748
1750,Nashik,No,5,1563
1751,Mumbai,Yes,2,2183
1752,Nashik,No,4,2108
1753,Hyderabad,Yes,2,4096
1754,Hyderabad,Yes,2,3713
1755,Delhi,Yes,2,1116
1756,Mumbai,Yes,2,2736
1757,Delhi,Yes,1,1187
1758,Kolkata,No,7,966
1759,Jaipur,No,5,2923
1760,Jaipur,No,5,4531
1761,Chennai,No,5,4822
1762,Hyderabad,Yes,2,1117
1763,Jaipur,No,7,1405
1764,Mumbai,Yes,1,496
1765,Mumbai,Yes,2,3791
1766,Hyderabad,Yes,1,769
1767,Mumbai,Yes,2,2247
1768,Delhi,Yes,1,4198
1769,Mumbai,Yes,1,4099
1770,Delhi,Yes,2,4417
1771,Nashik,No,7,4287
1772,Bangalore,Yes,1,1227
1773,Chennai,No,6,821
1774,Pune,No,3,3822
1775,Delhi,Yes,1,1928
1776,Kolkata,No,3,4927
1777,Bangalore,Yes,2,1615
1778,Bangalore,Yes,2,1423
1779,Mumbai,Yes,2,2886
1780,Delhi,Yes,2,1677
1781,Pune,No,4,525
1782,Pune,No,6,1190
1783,Delhi,Yes,1,4371
1784,Chennai,No,7,2556
1785,Hyderabad,Yes,1,695
1786,Chennai,No,6,2377
1787,Mumbai,Yes,2,4723
1788,Jaipur,No,5,4192
1789,Mumbai,Yes,2,2304
1790,Kolkata,No,3,3470
1791,Mumbai,Yes,1,2177
1792,Mumbai,Yes,1,2071
1793,Bangalore,Yes,2,4275
1794,Ahmedabad,No,6,1238
1795,Delhi,Yes,1,838
1796,Mumbai,Yes,2,1760
1797,Nashik,No,3,654
1798,Pune,No,7,3622
1799,Hyderabad,Yes,1,1847
1800,Chennai,No,3,2395
1801,Delhi,Yes,2,2400
1802,Bangalore,Yes,2,2399
1803,Bangalore,Yes,2,4952
1804,Bangalore,Yes,1,4047
1805,Jaipur,No,4,2304
1806,Mumbai,Yes,1,4792
1807,Mumbai,Yes,2,973
1808,Nashik,No,3,685
1809,Mumbai,Yes,1,2960
1810,Delhi,Yes,1,4150
1811,Bangalore,Yes,2,4935
1812,Kolkata,No,5,1038
1813,Mumbai,Yes,2,3558
1814,Mumbai,Yes,2,2576
1815,Mumbai,Yes,1,4222
1816,Nashik,No,6,3130
1817,Delhi,Yes,1,2811
1818,Delhi,Yes,2,3974
1819,Delhi,Yes,2,4165
1820,Mumbai,Yes,2,4063
1821,Chennai,No,4,2521
1822,Delhi,Yes,2,3091
1823,Bangalore,Yes,2,3761
1824,Hyderabad,Yes,2,1823
1825,Delhi,Yes,1,331
1826,Bangalore,Yes,1,4324
1827,Chennai,No,6,4195
1828,Pune,No,6,1018
1829,Ahmedabad,No,5,4878
1830,Pune,No,7,4017
1831,Delhi,Yes,2,4701
1832,Mumbai,Yes,1,2506
1833,Nashik,No,5,4619
1834,Mumbai,Yes,1,3874
1835,Pune,No,7,3584
1836,Hyderabad,Yes,1,942
1837,Delhi,Yes,2,493
1838,Hyderabad,Yes,1,787
1839,Ahmedabad,No,7,2956
1840,Bangalore,Yes,2,3575
1841,Delhi,Yes,1,1540
1842,Mumbai,Yes,2,691
1843,Hyderabad,Yes,1,4015
1844,Nashik,No,6,4828
1845,Mumbai,Yes,1,4170
1846,Ahmedabad,No,6,576
1847,Hyderabad,Yes,1,1851
1848,Pune,No,5,3569
1849,Nashik,No,4,3811
1850,Bangalore,Yes,2,759
1851,Kolkata,No,7,3730
1852,Mumbai,Yes,2,3782
1853,Ahmedabad,No,5,789
1854,Jaipur,No,3,1371
1855,Delhi,Yes,1,3472
1856,Kolkata,No,6,1891
1857,Mumbai,Yes,1,457
1858,Bangalore,Yes,1,3612
1859,Delhi,Yes,2,2075
1860,Mumbai,Yes,2,2351
1861,Hyderabad,Yes,2,2594
1862,Mumbai,Yes,2,1995
1863,Mumbai,Yes,2,2768
1864,Pune,No,5,4108
1865,Delhi,Yes,1,3082
1866,Bangalore,Yes,1,2799
1867,Chennai,No,4,2648
1868,Ahmedabad,No,7,3593
1869,Chennai,No,5,1415
1870,Bangalore,Yes,2,3798
1871,Kolkata,No,7,3605
1872,Ahmedabad,No,6,3531
1873,Lucknow,No,3,4122
1874,Mumbai,Yes,1,2679
1875,Kolkata,No,4,1845
1876,Bangalore,Yes,1,3862
1877,Chennai,No,3,4974
1878,Mumbai,Yes,1,1574
1879,Chennai,No,5,2792
1880,Delhi,Yes,1,655
1881,Bangalore,Yes,1,1168
1882,Pune,No,4,1582
1883,Mumbai,Yes,2,1181
1884,Delhi,Yes,1,3941
1885,Hyderabad,Yes,1,3724
1886,Mumbai,Yes,1,543
1887,Mumbai,Yes,2,1228
1888,Mumbai,Yes,1,818
1889,Delhi,Yes,1,2708
1890,Bangalore,Yes,2,2824
1891,Bangalore,Yes,2,2318
1892,Delhi,Yes,1,4581
1893,Kolkata,No,6,3970
1894,Mumbai,Yes,2,384
1895,Delhi,Yes,2,4531
1896,Lucknow,No,7,3918
1897,Bangalore,Yes,1,3882
1898,Mumbai,Yes,2,4308
1899,Bangalore,Yes,1,2517
1900,Mumbai,Yes,1,2516
1901,Chennai,No,6,2668
1902,Bangalore,Yes,1,2802
1903,Kolkata,No,5,3136
1904,Bangalore,Yes,1,3235
1905,Chennai,No,7,4246
1906,Jaipur,No,7,1495
1907,Ahmedabad,No,4,3086
1908,Delhi,Yes,1,1760
1909,Nashik,No,5,2475
1910,Delhi,Yes,2,899
1911,Bangalore,Yes,1,4721
1912,Bangalore,Yes,1,4205
1913,Bangalore,Yes,2,2750
1914,Chennai,No,7,1928
1915,Chennai,No,5,3995
1916,Delhi,Yes,1,3973
1917,Lucknow,No,4,3064
1918,Mumbai,Yes,1,4668
1919,Delhi,Yes,1,414
1920,Bangalore,Yes,1,2302
1921,Hyderabad,Yes,1,3461
1922,Hyderabad,Yes,2,3307
1923,Mumbai,Yes,2,452
1924,Nashik,No,7,3998
1925,Hyderabad,Yes,1,4709
1926,Bangalore,Yes,1,1363
1927,Pune,No,3,2212
1928,Chennai,No,3,2700
1929,Hyderabad,Yes,2,2071
1930,Lucknow,No,3,3079
1931,Mumbai,Yes,2,3170
1932,Delhi,Yes,1,959
1933,Delhi,Yes,1,2934
1934,Mumbai,Yes,2,4253
1935,Delhi,Yes,1,1431
1936,Bangalore,Yes,2,2337
1937,Chennai,No,4,4946
1938,Mumbai,Yes,1,4799
1939,Pune,No,6,3137
1940,Delhi,Yes,2,382
1941,Delhi,Yes,1,2974
1942,Jaipur,No,7,4615
1943,Mumbai,Yes,2,1690
1944,Delhi,Yes,1,4506
1945,Chennai,No,6,3864
1946,Hyderabad,Yes,1,4869
1947,Mumbai,Yes,2,569
1948,Mumbai,Yes,1,2767
1949,Kolkata,No,3,1689
1950,Bangalore,Yes,2,3653
1951,Jaipur,No,7,3906
1952,Mumbai,Yes,2,4372
1953,Delhi,Yes,2,4205
1954,Bangalore,Yes,2,2779
1955,Mumbai,Yes,1,3551
1956,Hyderabad,Yes,2,577
1957,Bangalore,Yes,1,879
1958,Mumbai,Yes,1,552
1959,Bangalore,Yes,1,1123
1960,Chennai,No,7,4131
1961,Nashik,No,6,1679
1962,Kolkata,No,3,1972
1963,Mumbai,Yes,2,3455
1964,Mumbai,Yes,1,4606
1965,Hyderabad,Yes,1,682
1966,Bangalore,Yes,1,640
1967,Delhi,Yes,1,2286
1968,Bangalore,Yes,2,3408
1969,Delhi,Yes,1,4814
1970,Delhi,Yes,1,3539
1971,Bangalore,Yes,1,3713
1972,Bangalore,Yes,2,604
1973,Chennai,No,7,1434
1974,Pune,No,5,504
1975,Nashik,No,3,4890
1976,Jaipur,No,5,4110
1977,Pune,No,7,608
1978,Delhi,Yes,1,2290
1979,Bangalore,Yes,1,570
1980,Bangalore,Yes,1,4385
1981,Ahmedabad,No,4,3572
1982,Delhi,Yes,2,4837
1983,Delhi,Yes,2,4648
1984,Bangalore,Yes,1,1275
1985,Bangalore,Yes,1,3850
1986,Chennai,No,4,3072
1987,Mumbai,Yes,1,3131
1988,Mumbai,Yes,2,451
1989,Chennai,No,5,3263
1990,Nashik,No,7,3099
1991,Kolkata,No,3,2051
1992,Delhi,Yes,1,4174
1993,Bangalore,Yes,1,2835
1994,Mumbai,Yes,1,4498
1995,Hyderabad,Yes,1,3793
1996,Chennai,No,5,3371
1997,Mumbai,Yes,1,705
1998,Bangalore,Yes,2,465
1999,Mumbai,Yes,1,1960
2000,Mumbai,Yes,1,3963
2001,Ahmedabad,No,4,979
2002,Bangalore,Yes,1,2419
2003,Ahmedabad,No,7,4976
2004,Delhi,Yes,2,1662
2005,Jaipur,No,6,2591
2006,Delhi,Yes,1,3707
2007,Pune,No,3,1398
2008,Mumbai,Yes,2,473
2009,Delhi,Yes,1,2529
2010,Bangalore,Yes,2,4459
2011,Kolkata,No,3,1796
2012,Mumbai,Yes,1,3470
2013,Hyderabad,Yes,2,1450
2014,Hyderabad,Yes,2,667
2015,Pune,No,5,341
2016,Mumbai,Yes,2,3789
2017,Ahmedabad,No,4,2123
2018,Pune,No,4,3685
2019,Bangalore,Yes,1,4221
2020,Bangalore,Yes,2,1291
2021,Mumbai,Yes,1,2685
2022,Kolkata,No,7,2539
2023,Mumbai,Yes,1,3706
2024,Mumbai,Yes,2,1298
2025,Kolkata,No,7,2154
2026,Bangalore,Yes,2,957
2027,Kolkata,No,6,3962
2028,Chennai,No,5,1780
2029,Bangalore,Yes,1,4030
2030,Chennai,No,6,2774
2031,Bangalore,Yes,1,1836
2032,Delhi,Yes,2,3392
2033,Mumbai,Yes,1,4707
2034,Delhi,Yes,1,2865
2035,Bangalore,Yes,2,673
2036,Bangalore,Yes,1,3996
2037,Lucknow,No,5,3549
2038,Chennai,No,4,4894
2039,Nashik,No,6,411
2040,Bangalore,Yes,2,3496
2041,Jaipur,No,7,2677
2042,Nashik,No,7,438
2043,Chennai,No,3,3248
2044,Mumbai,Yes,1,815
2045,Mumbai,Yes,1,1186
2046,Bangalore,Yes,1,3403
2047,Pune,No,4,4250
2048,Nashik,No,3,317
2049,Mumbai,Yes,2,1772
2050,Hyderabad,Yes,2,2905
2051,Chennai,No,6,4064
2052,Mumbai,Yes,1,4609
2053,Nashik,No,5,426
2054,Bangalore,Yes,2,3060
2055,Bangalore,Yes,1,4963
2056,Mumbai,Yes,2,500
2057,Bangalore,Yes,1,2668
2058,Bangalore,Yes,2,1640
2059,Mumbai,Yes,1,2287
2060,Mumbai,Yes,2,3844
2061,Mumbai,Yes,2,4819
2062,Jaipur,No,3,4101
2063,Delhi,Yes,1,3574
2064,Lucknow,No,5,2733
2065,Delhi,Yes,2,506
2066,Mumbai,Yes,2,2932
2067,Kolkata,No,4,3665
2068,Chennai,No,5,1817
2069,Hyderabad,Yes,2,2899
2070,Bangalore,Yes,2,2494
2071,Mumbai,Yes,2,4797
2072,Jaipur,No,6,3853
2073,Pune,No,4,3148
2074,Jaipur,No,5,2041
2075,Mumbai,Yes,1,4148
2076,Jaipur,No,3,4875
2077,Mumbai,Yes,2,4954
2078,Hyderabad,Yes,2,4494
2079,Hyderabad,Yes,1,2854
2080,Delhi,Yes,2,4807
2081,Delhi,Yes,2,1387
2082,Pune,No,5,1476
2083,Bangalore,Yes,1,3293
2084,Delhi,Yes,2,3263
2085,Jaipur,No,5,1570
2086,Delhi,Yes,2,3214
2087,Bangalore,Yes,2,2760
2088,Chennai,No,3,582
2089,Mumbai,Yes,1,3227
2090,Bangalore,Yes,1,1390
2091,Kolkata,No,3,381
2092,Hyderabad,Yes,1,3790
2093,Mumbai,Yes,1,2392
2094,Hyderabad,Yes,2,474
2095,Chennai,No,3,668
2096,Nashik,No,5,2400
2097,Hyderabad,Yes,2,3789
2098,Kolkata,No,6,1663
2099,Kolkata,No,3,4761
2100,Ahmedabad,No,6,3975
2101,Mumbai,Yes,1,371
2102,Mumbai,Yes,1,3261
2103,Chennai,No,6,4155
2104,Mumbai,Yes,1,2723
2105,Chennai,No,3,2516
2106,Bangalore,Yes,2,2558
2107,Bangalore,Yes,1,4050
2108,Hyderabad,Yes,1,667
2109,Chennai,No,7,449
2110,Hyderabad,Yes,1,3083
2111,Delhi,Yes,1,4463
2112,Chennai,No,5,2549
2113,Delhi,Yes,1,3309
2114,Bangalore,Yes,2,1636
2115,Mumbai,Yes,1,4725
2116,Hyderabad,Yes,2,4732
2117,Kolkata,No,4,1660
2118,Pune,No,5,2665
2119,Delhi,Yes,1,4056
2120,Mumbai,Yes,1,2292
2121,Pune,No,3,1313
2122,Mumbai,Yes,2,901
2123,Kolkata,No,5,792
2124,Kolkata,No,4,2855
2125,Lucknow,No,5,593
2126,Hyderabad,Yes,1,4326
2127,Chennai,No,6,3211
2128,Hyderabad,Yes,2,2895
2129,Chennai,No,3,2172
2130,Delhi,Yes,2,3557
2131,Mumbai,Yes,1,3116
2132,Hyderabad,Yes,1,3940
2133,Hyderabad,Yes,1,1040
2134,Mumbai,Yes,2,978
2135,Delhi,Yes,2,3996
2136,Hyderabad,Yes,2,1657
2137,Delhi,Yes,2,361
2138,Chennai,No,5,4068
2139,Chennai,No,3,4650
2140,Pune,No,7,2434
2141,Pune,No,6,3577
2142,Mumbai,Yes,1,1121
2143,Kolkata,No,5,3280
2144,Mumbai,Yes,2,419
2145,Mumbai,Yes,1,1936
2146,Delhi,Yes,2,1223
2147,Hyderabad,Yes,1,2331
2148,Hyderabad,Yes,2,2367
2149,Mumbai,Yes,2,2967
2150,Mumbai,Yes,1,1101
2151,Bangalore,Yes,2,4463
2152,Delhi,Yes,1,494
2153,Pune,No,6,3814
2154,Kolkata,No,5,2658
2155,Bangalore,Yes,2,3905
2156,Jaipur,No,3,575
2157,Delhi,Yes,1,3689
2158,Delhi,Yes,2,4226
2159,Chennai,No,3,2890
2160,Hyderabad,Yes,1,4234
2161,Mumbai,Yes,1,1870
2162,Bangalore,Yes,2,1499
2163,Chennai,No,4,4708
2164,Pune,No,3,1535
2165,Kolkata,No,7,435
2166,Delhi,Yes,2,2455
2167,Mumbai,Yes,1,960
2168,Kolkata,No,3,2976
2169,Mumbai,Yes,1,385
2170,Jaipur,No,3,3241
2171,Nashik,No,3,3609
2172,Bangalore,Yes,1,3969
2173,Ahmedabad,No,7,3928
2174,Mumbai,Yes,2,4889
2175,Hyderabad,Yes,2,3617
2176,Delhi,Yes,2,895
2177,Chennai,No,4,783
2178,Jaipur,No,6,3388
2179,Mumbai,Yes,2,4683
2180,Hyderabad,Yes,2,1019
2181,Pune,No,5,797
2182,Mumbai,Yes,2,1972
2183,Chennai,No,6,413
2184,Delhi,Yes,2,2035
2185,Hyderabad,Yes,2,3910
2186,Lucknow,No,5,2552
2187,Mumbai,Yes,1,2593
2188,Mumbai,Yes,1,445
2189,Jaipur,No,6,2709
2190,Bangalore,Yes,1,435
2191,Ahmedabad,No,3,3304
2192,Mumbai,Yes,1,317
2193,Bangalore,Yes,1,747
2194,Mumbai,Yes,1,1244
2195,Bangalore,Yes,2,4535
2196,Mumbai,Yes,2,2219
2197,Delhi,Yes,2,4487
2198,Lucknow,No,7,2906
2199,Delhi,Yes,1,4639
2200,Chennai,No,7,3271
